<?xml version="1.0"?>
<module name="devi-headers">
  <classification>Driver</classification>
  <description>
    <short>Input Manager Headers</short>
    <abstract><![CDATA[
			Devi-hirun header files.
	        ]]></abstract>
  </description>
  <supports>
    <availability>
      <os name="nto">
        <cpu isa="ppc">
          <byteOrder>be</byteOrder>
          <byteOrder>be.spe</byteOrder>
        </cpu>
        <cpu isa="sh">
          <byteOrder>le</byteOrder>
        </cpu>
        <cpu isa="arm">
          <byteOrder>le</byteOrder>
          <byteOrder>le.v7</byteOrder>
        </cpu>
        <cpu isa="x86"/>
        <cpu isa="mips">
          <byteOrder>le</byteOrder>
          <byteOrder>be</byteOrder>
        </cpu>
      </os>
    </availability>
    <availability>
      <os name="nto">
        <cpu isa="x86"/>
      </os>
      <os name="win32">
        <cpu isa="x86"/>
      </os>
    </availability>
  </supports>
  <contents>
    <component id="devi-include" generated=""/>
    <component id="keyboard mappings" generated="">
      <location basedir="">usr/screen/keyboard</location>
