<?xml version="1.0"?>
<module name="keymap">
  <classification>Driver</classification>
  <description>
    <short>Keymap Library</short>
    <abstract><![CDATA[
	                The QNX Keymap Library.
	        ]]></abstract>
  </description>
  <supports>
    <availability>
      <cpu isa="sh">
        <byteOrder>le</byteOrder>
      </cpu>
      <cpu isa="arm">
        <byteOrder>le</byteOrder>
      </cpu>
      <cpu isa="ppc">
        <byteOrder>be</byteOrder>
      </cpu>
      <cpu isa="ppc">
        <byteOrder>be.spe</byteOrder>
      </cpu>
      <cpu isa="mips">
        <byteOrder>be</byteOrder>
        <byteOrder>le</byteOrder>
      </cpu>
      <cpu isa="x86"/>
    </availability>
  </supports>
  <contents>
    <component id="SharedArchive" generated="true">
      <location basedir="nto/sh/a.o.le.shared">libkeymapS.a</location>
      <location basedir="nto/arm/a.o.le.shared">libkeymapS.a</location>
      <location basedir="nto/ppc/a.o.be.shared">libkeymapS.a</location>
      <location basedir="nto/mips/a.o.be.shared">libkeymapS.a</location>
      <location basedir="nto/mips/a.o.le.shared">libkeymapS.a</location>
      <location basedir="nto/x86/a.o.shared">libkeymapS.a</location>
    </component>
    <component id="Archive" generated="true">
      <location basedir="nto/sh/a.o.le">libkeymap.a</location>
      <location basedir="nto/arm/a.o.le">libkeymap.a</location>
      <location basedir="nto/ppc/a.o.be">libkeymap.a</location>
      <location basedir="nto/mips/a.o.be">libkeymap.a</location>
      <location basedir="nto/mips/a.o.le">libkeymap.a</location>
      <location basedir="nto/x86/a.o">libkeymap.a</location>
    </component>
  </contents>
  <requires>
    <part build="true" rootMacro="DEVI_ROOT" location="hardware/devi"/>
  </requires>
</module>
