<!-- Unless otherwise specified, values/attributes are free-form strings -->
    <!-- type is currently either BSP or SourceOnly -->
<sourcePackage type="BSP" id="bsp-TI-DRA72x-evm-SDP6.6">
    <title>QNX Neutrino 6.6 BSP for the Texas Instruments DRA72x EVM Platform</title>
    <release>BSP_ti-j6eco-dra72x-evm_br-660_be-660-BN84</release>
    <maturity>Development Build</maturity>
    <license>QDL and Apache II</license>
    <startup>startup-dra72x-evm</startup>
    <ipl>ipl-dra72x-evm</ipl>       
    <description>This package contains the source and build files for targeting QNX/Neutrino on the TI DRA72x (J6) EVM</description>
    <vendor>QNX Software Systems</vendor>
    <qnxTargetVersion>SDP6.6</qnxTargetVersion>
   	<qnxTargetCPU variant="armle.v7">ARM</qnxTargetCPU>
    <!-- type is currently only import, will be extended in the future. -->
    <bsp type="import">
		<import>src/hardware/startup/boards/dra72x/evm/build</import>
    </bsp>
</sourcePackage>
