<?xml version="1.0"?>
<module name="devc-seromap_hci">
  <classification>Driver</classification>
  <description>
    <short>HCI Shared transport serial driver for TI OMAP's and compatibles</short>
    <abstract><![CDATA[
	                The devc-seromap_hci manager is a small serial device manager for QNX Neutrino.
	        ]]></abstract>
  </description>
  <supports>
    <availability>
      <cpu isa="arm">
        <byteOrder>le</byteOrder>
      </cpu>
      <cpu isa="arm">
        <byteOrder>le.v7</byteOrder>
      </cpu>
    </availability>
  </supports>
  <contents>
    <component id="seromap_hci" generated="true">
      <location basedir="arm/le">devc-seromap</location>
    </component>
  </contents>
  <requires>
    <part rootMacro="LIBIOCHAR_ROOT" build="true" location="lib/io-char"/>
    <part build="false" location="hardware/devc"/>
  </requires>
</module>
