<?xml version="1.0"?>
<module name="resource_seed">
  <classification>Runtime</classification>
  <description>
    <short>Utility to seed system resource manager</short>
    <abstract><![CDATA[The resource_seed utility seeds the system resource database manager with DMA 
                      channels, IRQs, IO ports, memory ranges, etc. This allows device drivers which
                      to request access to system resources (via the rsrcdbmgr_*() function calls) prior
                      to using them, ensuring that no other running processes are already using the same
                      resources.
	        ]]></abstract>
  </description>
  <supports>
    <availability>
      <cpu isa="sh">
        <byteOrder>le</byteOrder>
      </cpu>
      <cpu isa="arm">
        <byteOrder>le.v7</byteOrder>
      </cpu>
    </availability>
  </supports>
  <contents>
    <component id="resource_seed" generated="true">
      <location basedir="sh/o.le">resource_seed</location>
      <location basedir="arm/o.le.v7">resource_seed</location>
    </component>
  </contents>
</module>
